order_id;customer_id;order_status;order_purchase_timestamp;order_approved_at;order_delivered_carrier_date;order_delivered_customer_date;order_estimated_delivery_date
d3c8851a6651eeff2f73b0e011ac45d0;957f8e082185574de25992dc659ebbc0;processing;05/10/2016 22:44;06/10/2016 15:51;;;09/12/2016 0:00
cbbb524a0e1646aa6cf7a3c0bbe517ad;dacb079d55ffb1d3955c5d923df3ebb7;delivered;05/10/2016 7:31;06/10/2016 2:46;10/10/2016 2:46;16/10/2016 14:36;07/12/2016 0:00
ac2b7c522d811acba0aa270ed3e112e4;ef21aebbb093a6db29ccc6aa0b89c347;delivered;05/10/2016 15:08;06/10/2016 15:44;10/10/2016 15:44;13/10/2016 15:44;29/11/2016 0:00
7033745709b7cf1bac7d2533663592de;7f0ca17bb33b230b47459437cf0682c7;delivered;04/10/2016 14:13;04/10/2016 14:46;08/10/2016 14:46;11/10/2016 14:46;30/11/2016 0:00
5cd498954e2b37d71b315166809b4bd7;ff1a56726b7ea149c7423865609cc0c8;delivered;07/10/2016 0:54;08/10/2016 3:56;25/10/2016 11:35;27/10/2016 17:32;01/12/2016 0:00
dc5f6cd4492bbffe5bcda9b87856c9a5;2ebf822bbf33241c7bffb42235519f92;delivered;05/10/2016 13:12;06/10/2016 15:47;21/10/2016 16:34;27/10/2016 12:33;29/11/2016 0:00
cb2b577a4ebd84bf84ff3990084d490f;ebd67b458c0b8b23fa5d869779adc761;delivered;05/10/2016 17:11;06/10/2016 15:54;30/10/2016 15:14;31/10/2016 21:41;29/11/2016 0:00
3b2ca3293a7ce539ea2379d704fa37ce;06a70917afd2dcd59396e1eac836c646;delivered;05/10/2016 12:44;06/10/2016 15:47;17/11/2016 11:54;17/11/2016 19:53;25/11/2016 0:00
e5fa5a7210941f7d56d0208e4e071d35;683c54fc24d40ee9f8a6fc179fd9856c;canceled;05/09/2016 0:15;07/10/2016 13:17;;;28/10/2016 0:00
85841af0d94e5d0cd3a9c0e42e565b74;603dd05a409bcfe63ca922996c72bdfb;delivered;05/10/2016 22:39;06/10/2016 16:03;10/10/2016 16:03;13/10/2016 16:03;25/11/2016 0:00
03ffce741877a000ca0fb3520673d4c4;e937151346d1bec664f5b80cd798bdd2;delivered;05/10/2016 15:17;06/10/2016 16:02;15/10/2016 12:39;25/10/2016 20:28;09/12/2016 0:00
2e7a8482f6fb09756ca50c10d7bfc047;08c5351a6aca1c1589a38f244edeee9d;shipped;04/09/2016 21:15;07/10/2016 13:18;18/10/2016 13:14;;20/10/2016 0:00
64f5569ef96004a1e1137bdf28fd4c45;abd49ba4cf56e622b951f281361f56ad;delivered;05/10/2016 21:10;06/10/2016 15:59;30/10/2016 13:27;31/10/2016 13:27;29/11/2016 0:00
7ac6f4778cd283c6b76c66fe1e0d4431;ed8be358abd6a8b37ba8cc9d485e7bbb;delivered;07/10/2016 10:11;07/10/2016 11:22;15/10/2016 12:38;18/10/2016 17:21;05/12/2016 0:00
a08d1f4b300c3d7ec52f5f9a74234eca;e2c852f36be265c817eafd880884b206;delivered;10/10/2016 11:08;10/10/2016 12:02;21/10/2016 16:02;21/10/2016 16:25;30/11/2016 0:00
83812118bb682267a9880ea1b261ac4b;6b4acd0818e5852c5271cb061ccbb493;delivered;04/10/2016 15:07;07/10/2016 10:12;11/10/2016 10:12;31/10/2016 21:57;08/12/2016 0:00
1b2d622f7ebb8e65f7de3e389f052540;0dc0162bbe9965694a426d8c6f1a56fb;delivered;06/10/2016 11:05;06/10/2016 15:51;10/10/2016 15:51;27/10/2016 8:14;28/11/2016 0:00
6ece326e25f193d084e3dc092bbdd93b;3f63878c497f2703038d3eb23f8516b0;delivered;06/10/2016 20:15;06/10/2016 20:50;21/10/2016 16:17;24/10/2016 16:17;30/11/2016 0:00
38c5c2886f2aab75bb1ae3f79a3f300d;6676a459c2b773481c9dacde3c44c680;delivered;08/10/2016 8:25;08/10/2016 9:10;12/10/2016 9:10;26/10/2016 12:05;30/11/2016 0:00
08edff712f0cd04883215bdb5b0d7c7f;230787cbf8da57cbd10d7c223cde6f1f;delivered;08/10/2016 13:54;08/10/2016 16:34;12/10/2016 16:34;15/10/2016 16:34;30/11/2016 0:00
f716dffba1232aaef7c899fb8c14db97;cf5112cc5129776cc69c956dc265a5f7;delivered;07/10/2016 15:12;07/10/2016 15:59;11/10/2016 15:59;14/10/2016 15:59;25/11/2016 0:00
cd3b8574c82b42fc8129f6d502690c3e;7812fcebfc5e8065d31e1bb5f0017dae;delivered;03/10/2016 22:31;04/10/2016 10:19;08/10/2016 10:34;14/10/2016 16:08;23/11/2016 0:00
c78634fb21ecbb54b2b2498a660082ac;7c72a0cfc64d38509b262a4e85c84d9a;delivered;07/10/2016 16:56;07/10/2016 17:32;21/10/2016 11:47;26/10/2016 15:27;29/11/2016 0:00
5226f1a731e8a1215da5e1bea64e2130;3489fb03bfa99335c385df8b863a701b;canceled;10/10/2016 9:51;18/10/2016 15:19;;;18/11/2016 0:00
d01f0aba52a4d7b2cca8d7623538a434;da41f8be4acae374b2c5bfe8f9659e7e;delivered;10/10/2016 7:03;10/10/2016 12:02;24/10/2016 17:17;10/11/2016 10:59;12/12/2016 0:00
4fb7f38042d214ada4d81cc23d228cc8;92da31c4d9d81552801e3c1a6194b796;delivered;10/10/2016 0:01;11/10/2016 10:44;14/10/2016 18:00;16/11/2016 17:17;14/12/2016 0:00
323dad8c483c7f8b818a825d257f4aa0;021833e9737a1145b5a6e3053f0f4329;delivered;06/10/2016 20:05;07/10/2016 10:16;11/10/2016 10:16;14/10/2016 10:16;28/11/2016 0:00
2825848807f070485f0f0ef3829758f4;b30a4d09f171b5da553bab49a0a61764;delivered;09/10/2016 22:36;10/10/2016 11:03;14/10/2016 11:03;17/10/2016 12:03;30/11/2016 0:00
2e32dea8a4d1ae5499a67674b387bc6a;7fd973e7865ee210512c6222d387e7aa;delivered;06/10/2016 2:53;06/10/2016 15:53;21/10/2016 16:32;27/10/2016 14:02;28/11/2016 0:00
80606b26965c5ed21e85a085e0667b63;9e241a9965210ac822859a94c0f33162;delivered;04/10/2016 11:03;06/10/2016 7:46;17/11/2016 11:21;17/11/2016 19:14;08/12/2016 0:00
ed3d575bd3358123b063ee64cdecdef5;7591ab894fb4a47debe5beef968b6804;delivered;08/10/2016 16:02;08/10/2016 20:38;12/10/2016 20:38;15/10/2016 20:38;30/11/2016 0:00
dabf2b0e35b423f94618bf965fcb7514;5cdec0bb8cbdf53ffc8fdc212cd247c6;canceled;09/10/2016 0:56;09/10/2016 13:36;13/10/2016 13:36;16/10/2016 14:36;30/11/2016 0:00
b3aa45b7ba0f950a1b163a9f85f613de;ff4dfb2525a749384a0e31d68625443a;delivered;09/10/2016 13:31;10/10/2016 3:15;15/10/2016 12:41;19/10/2016 19:05;30/11/2016 0:00
809a282bbd5dbcabb6f2f724fca862ec;622e13439d6b5a0b486c435618b2679e;canceled;13/09/2016 15:24;07/10/2016 13:16;;;30/09/2016 0:00
c4e980a1d822db426982878b3cfdda6e;88dc22aad9cf20898eb3780977173dc5;invoiced;08/10/2016 22:06;09/10/2016 15:15;;;12/12/2016 0:00
5c5c9fde60ffb741545cf2608e8c12ca;a5cd42f5d1eecbf955de47ff1245b5d6;delivered;09/10/2016 23:55;10/10/2016 11:02;15/10/2016 12:38;19/10/2016 11:47;02/12/2016 0:00
dc91dbf7defabdf37c52672a989bad1b;63b1c99583effeec017dd7546c6a97ae;delivered;06/10/2016 12:22;06/10/2016 16:00;26/10/2016 11:49;27/10/2016 5:38;02/12/2016 0:00
48c43415ea1c4af9afa92542183b6e55;5589151bd114970188a1141fbd5c8d25;delivered;10/10/2016 17:49;10/10/2016 18:02;30/10/2016 10:37;01/11/2016 14:14;02/12/2016 0:00
f31853a4f30d4851c847e4494663e749;ed7a6b3de20e5e5593996b3605307300;delivered;06/10/2016 12:21;06/10/2016 14:21;15/10/2016 12:52;24/10/2016 20:55;30/11/2016 0:00
a241bea87dcdd0160ca94ebdba5bdbb9;b031d0752ca02dd1a780af8278140571;delivered;06/10/2016 9:22;06/10/2016 16:03;10/10/2016 16:03;13/10/2016 16:03;28/11/2016 0:00
1069874467b6a425853288c450f68fc9;cee53b7d3dd56da687a4fa61c6ce8d32;delivered;07/10/2016 22:51;07/10/2016 23:13;11/10/2016 23:13;28/10/2016 13:51;29/11/2016 0:00
88130f20a472f28fcca9dd5d50358820;8eff66e5b7c425dfbbe9a2cbf0f3883f;delivered;04/10/2016 21:35;06/10/2016 15:44;15/10/2016 10:29;18/10/2016 22:57;28/11/2016 0:00
98974b076b01553d49ee6467905675a7;dc7cdb748679fb6f280f66d7582c5e59;delivered;04/10/2016 15:44;06/10/2016 15:57;11/11/2016 15:29;17/11/2016 8:38;24/11/2016 0:00
06d7e8a85f5cfef576c5303ed7d7f2e5;57108de6e1cf238dfd0ed00e3d878096;delivered;07/10/2016 12:06;07/10/2016 12:36;15/10/2016 12:33;19/10/2016 18:51;01/12/2016 0:00
35b8e54d765e6b217e2dc5ab34f6b323;1aaa5eaa9dd9bafb385aadc1930ef8e4;invoiced;06/10/2016 12:23;07/10/2016 3:10;;;30/11/2016 0:00
b8b9d7046c083150cb5360b83a8ebb51;ec271753df25bad1135a375ed6d7f113;delivered;06/10/2016 12:51;06/10/2016 16:05;15/10/2016 12:24;18/10/2016 13:24;28/11/2016 0:00
2276cb38c742033aac3f4a4d67b57ab3;39ecef3d8a542ee6b91e7bfd7e9a6b87;delivered;06/10/2016 17:42;06/10/2016 18:11;30/10/2016 11:38;31/10/2016 11:38;30/11/2016 0:00
24523db64c1af3f40f27cb4416fa5ea6;a6070315382f5f1e536be705f64ab209;delivered;07/10/2016 21:19;07/10/2016 21:32;15/10/2016 12:49;20/10/2016 0:47;01/12/2016 0:00
deb08269080b64b8e69bcd06b808889a;2605d144097120a05a112c61bd1c4397;delivered;08/10/2016 15:47;11/10/2016 1:01;14/10/2016 18:00;15/10/2016 1:01;30/11/2016 0:00
376cc9a8f827d17966ea7c4b182f4426;e9a5cb5d9783e1fc38e23730ff24c51d;delivered;07/10/2016 19:16;07/10/2016 19:28;11/10/2016 19:28;14/10/2016 19:28;29/11/2016 0:00
c4b41c36dd589e901f6879f25a74ec1d;4bb880cac21c7a9e1371ab1ebd601706;delivered;04/10/2016 12:53;04/10/2016 13:26;07/11/2016 16:21;09/11/2016 13:37;24/11/2016 0:00
98beb6d036255a151fd6d5000ad66da8;cb97139155fd2220668ff63d8e970c64;delivered;07/10/2016 14:42;11/10/2016 4:56;15/10/2016 4:56;18/10/2016 5:56;01/12/2016 0:00
ad1aeeb1a99c9f021e38a49865bb812c;6deeb4ffef6cf320ef5a642302f04104;delivered;05/10/2016 12:41;07/10/2016 2:49;21/10/2016 16:23;26/10/2016 13:31;09/12/2016 0:00
8b388d845a3e8700444b971fa2bef902;00474d2582fd72663036795b7ab8cfc1;delivered;04/10/2016 22:33;06/10/2016 3:10;28/10/2016 13:28;08/11/2016 14:03;06/12/2016 0:00
8c72f52f7655510c1ec81f3b9019c638;b0cc6834f86d0440c119eb1fcd8413e1;delivered;09/10/2016 22:44;10/10/2016 11:03;14/10/2016 11:03;17/10/2016 12:03;02/12/2016 0:00
2f9d4ee8ca77fe0951ebfe9064cad953;2d2037b93b52f5a7ac9e286e8bd69d15;delivered;09/10/2016 23:38;11/10/2016 12:03;25/10/2016 12:11;29/10/2016 6:53;30/11/2016 0:00
8213bc96304fc0881189c4525f3002f7;77069f163bef4933c6efeea244b3f606;delivered;10/10/2016 7:53;10/10/2016 11:03;14/10/2016 11:03;17/10/2016 12:03;02/12/2016 0:00
3379d980824f0aa5dab057f2530759bb;17e6d37366dc8c8865588b0d1740d606;delivered;10/10/2016 16:39;12/10/2016 3:01;16/10/2016 4:01;19/10/2016 4:01;02/12/2016 0:00
e4ccaabafa125b3b39a9331b0abced9d;b75d72658f51cfc274b14adf1446590a;delivered;08/10/2016 9:50;08/10/2016 10:54;24/10/2016 15:18;25/10/2016 15:18;30/11/2016 0:00
5cb8558cbb7c0c2f00f43468579d3e3c;2ff5a6455514da421bd25d6e4ceb1d12;shipped;04/10/2016 15:02;05/10/2016 3:10;15/10/2016 10:14;;02/12/2016 0:00
8d47519f5c9c42540b37bd3db0492878;5dd777a48c8124ad7284bf0ae14057e9;delivered;04/10/2016 21:32;06/10/2016 15:45;30/10/2016 13:25;07/11/2016 15:11;30/11/2016 0:00
063b573b88fc80e516aba87df524f809;285195a5b585842e25bd1ef9015a8413;shipped;07/10/2016 19:17;07/10/2016 19:29;30/10/2016 10:23;;01/12/2016 0:00
0c22166d9f7e5761e397affa5af438c7;cabe1ec4e4c40db3c14ab19cc09bbd9a;delivered;09/10/2016 22:31;10/10/2016 12:02;14/10/2016 12:02;31/10/2016 15:32;14/12/2016 0:00
b04bd4e0a1a21fef81b1f24f6fb81c08;bbf83aabda305a5ac059e05b342076a0;delivered;10/10/2016 18:05;11/10/2016 5:03;15/10/2016 5:03;21/10/2016 10:31;30/11/2016 0:00
1c4cafd25254eee31c8c9b8c141fb10a;b03bfe9da81252f5e3b39196ba3518c0;delivered;06/10/2016 10:12;06/10/2016 16:01;21/10/2016 16:38;27/10/2016 11:43;06/12/2016 0:00
59fa27082bb77c5dbd8a6568f3b34380;1013b3cb87e89aa951b7f556f8c26d33;delivered;06/10/2016 11:32;06/10/2016 16:05;30/10/2016 14:37;01/11/2016 15:04;28/11/2016 0:00
2631dba338efbcea9c3ace77ce210c01;8e941206a8be5ff6eff0de04fa1629e5;delivered;06/10/2016 8:28;06/10/2016 15:49;30/11/2016 10:53;15/12/2016 13:35;09/01/2017 0:00
18dad78c0f87f4c45ef196daeaa3ffbb;e4780f4524969db38b49dd1c82e03fcc;delivered;05/10/2016 8:01;06/10/2016 15:55;15/10/2016 10:31;17/10/2016 16:47;29/11/2016 0:00
8c78d01de3a9009e23d6877a7cc9be20;6cd7106899e59a1fbd0622d5f1efedf4;delivered;08/10/2016 15:36;08/10/2016 18:13;26/10/2016 11:41;25/10/2016 17:51;30/11/2016 0:00
a8846701b9f3e21e64c9062ed3f4dfd7;814d58f5b1b9829ab9a1d690b13dba62;delivered;07/10/2016 11:33;07/10/2016 12:15;11/10/2016 12:15;14/10/2016 12:15;05/12/2016 0:00
cac247cece621e1bc64748d44331d22d;a39a11e156aa248ef573dbb7c65580d2;delivered;05/10/2016 12:34;06/10/2016 15:49;30/10/2016 15:24;04/11/2016 14:31;07/12/2016 0:00
3f913d30288c117e41ffe5cc74743dc9;7aae6b74d7e0a2a11051bf8a16e16021;shipped;05/10/2016 14:36;06/10/2016 15:53;15/10/2016 12:24;;29/11/2016 0:00
3d7d60b10ba4b43cf6f6d5df2e933f67;02cb3a8ef6e13d37560379559e2f533d;delivered;10/10/2016 18:09;10/10/2016 19:00;30/10/2016 14:57;31/10/2016 14:57;30/11/2016 0:00
a68ce1686d536ca72bd2dadc4b8671e5;d7bed5fac093a4136216072abaf599d5;shipped;05/10/2016 1:47;07/10/2016 3:11;07/11/2016 16:37;;01/12/2016 0:00
ae0913baa54f18027667d8049c36fde2;c6045ecabc5f74048d727035f82c3826;delivered;04/10/2016 18:02;06/10/2016 2:46;21/10/2016 16:33;31/10/2016 13:17;30/11/2016 0:00
711b9be9c346d9ecdb9d38a5e1e7e39b;81e4aed5ab4253757305267b80712689;invoiced;04/10/2016 13:38;04/10/2016 14:08;;;24/11/2016 0:00
59f26737bbeea8142a7e982cfce13e7a;e64d63f1e2d292e774d451d7b55f711d;delivered;10/10/2016 12:39;10/10/2016 13:01;14/10/2016 13:01;17/10/2016 14:01;14/12/2016 0:00
a909c24a30d5a05204ecb7ef3f11e321;378149ca89a5e5020931071114dd8865;delivered;07/10/2016 21:50;07/10/2016 22:15;11/10/2016 22:15;14/10/2016 22:15;05/12/2016 0:00
0ca768c507d1fc3c61bd950bb1c5231a;b3fb50a69d9de3ee23504d2cd66da13f;delivered;10/10/2016 15:20;10/10/2016 16:02;30/10/2016 11:23;07/11/2016 14:51;06/12/2016 0:00
3f72d2b757e725cd48a4726f831c7789;e0de521fbb397bd7e83d079fe66357b5;delivered;04/10/2016 13:15;04/10/2016 13:47;10/10/2016 16:45;17/10/2016 11:25;28/11/2016 0:00
c776863a93dc0740c6e7d78104b21413;1710b798ebdc5db6665c815b90a64999;delivered;10/10/2016 15:01;10/10/2016 15:44;14/11/2016 7:41;14/12/2016 8:03;14/12/2016 0:00
34c718970b33419ed6d537a90366231b;ac68706c6f747bf0f7e7986a7ba40155;delivered;05/10/2016 8:41;06/10/2016 15:44;24/10/2016 16:33;31/10/2016 21:41;29/11/2016 0:00
10d1e90a86d2be981a52b6a927c97dc5;6b3ed42b480bc5831a094f35dc11b668;delivered;06/10/2016 15:19;07/10/2016 10:11;26/10/2016 14:11;07/11/2016 16:26;12/12/2016 0:00
8e7ef380ad5ae407dffbe2f0826cae73;924743e5e7df4683b9f051c4b9961e9e;delivered;07/10/2016 9:33;11/10/2016 5:02;15/10/2016 5:02;18/10/2016 6:02;01/12/2016 0:00
39d0be719247e3b3a38846ba810197ea;0f51eea87ae9e277d0f099d51637772d;delivered;04/10/2016 16:02;06/10/2016 15:58;21/10/2016 16:18;07/11/2016 16:55;12/12/2016 0:00
e2144124f98f3bf46939bc5183104041;bd0342f59a3b8ddc416bd048b2b5d0fb;delivered;06/10/2016 20:06;08/10/2016 11:00;12/10/2016 11:00;15/10/2016 11:00;28/11/2016 0:00
acf83f0e8fb878cb25197344426ed10b;46fc16f07712c5cdcdd55911a3297e16;delivered;05/10/2016 9:46;07/10/2016 2:49;11/10/2016 2:49;14/10/2016 2:49;09/12/2016 0:00
90aea7c4e52538a18cb9bbfd16f09185;85f0e92957e9fb9c5f72ba5378f492a0;delivered;04/10/2016 19:25;06/10/2016 15:51;10/11/2016 13:58;17/11/2016 13:07;28/11/2016 0:00
d868cf92a5a1305fc7277c60062e81ac;5f767a0a4e820c2361c11dab364d3f98;delivered;08/10/2016 17:43;13/10/2016 21:09;24/10/2016 18:23;26/10/2016 12:58;14/12/2016 0:00
11837ac14fcdfb163c0b78d91be89498;96fc2a988f8ec40a078ab92f1623bdd4;delivered;06/10/2016 13:39;06/10/2016 14:22;01/11/2016 14:32;16/11/2016 10:54;02/12/2016 0:00
89f586f0cbddc6428831c41c8c333c66;abb98ee37acc21973e1d4464133ddb49;delivered;09/10/2016 12:46;10/10/2016 1:55;14/10/2016 1:55;17/10/2016 2:55;02/12/2016 0:00
be5bc2f0da14d8071e2d45451ad119d9;7ec40b22510fdbea1b08921dd39e63d8;delivered;03/10/2016 16:56;06/10/2016 16:03;21/10/2016 16:33;27/10/2016 18:19;07/11/2016 0:00
84d8cb80e8228cbea6d970499c3ce3c3;2bea781be88980e68fb5bbac765fccdb;delivered;08/10/2016 9:55;08/10/2016 11:04;26/10/2016 23:51;27/10/2016 23:51;28/11/2016 0:00
1add1aa4c6e709fd74a4eb691a9fc6bc;076a5ddb5b1240c532093a399dcb47f5;delivered;06/10/2016 17:45;07/10/2016 8:29;11/10/2016 8:29;14/10/2016 8:29;06/12/2016 0:00
c8258090bca7cc6a62c1e15d7fd995d4;7155051815aa96d970a1a40583f95e8b;delivered;08/10/2016 21:58;09/10/2016 23:48;01/11/2016 18:15;08/11/2016 14:24;02/12/2016 0:00
b533dea24ada4dc5c1a9041d25d7c812;3a4ccb2c6fb972d301b8f9edfbf81fbd;delivered;08/10/2016 21:12;11/10/2016 4:56;21/10/2016 12:37;28/10/2016 16:31;02/12/2016 0:00
5f834cc4ee109c58dff88c60b8ba5ecf;1124aa987445b3d3f42412a375522a89;delivered;10/10/2016 11:22;10/10/2016 12:03;21/10/2016 16:35;24/10/2016 16:35;06/12/2016 0:00
a8c3f65a43b2e956cbfca10db4300853;c2c97a4df7be5639a8976ed8b8516e81;delivered;04/10/2016 23:39;06/10/2016 15:46;15/10/2016 12:39;20/10/2016 19:14;24/11/2016 0:00
bfbd0f9bdef84302105ad712db648a6c;86dc2ffce2dfff336de2f386a786e574;delivered;15/09/2016 12:16;15/09/2016 12:16;07/11/2016 17:11;09/11/2016 7:47;04/10/2016 0:00
98750f114ae6088d04ea0d3cfe3f137f;01fc05160cf790b9ed54ec795ff07688;delivered;05/10/2016 11:44;06/10/2016 3:07;10/10/2016 3:07;28/10/2016 12:23;29/11/2016 0:00
09dd83f72b2516179cd46b81121fad23;d70f382aefc5e3273ba95831d8588930;delivered;10/10/2016 16:55;12/10/2016 3:02;18/11/2016 12:43;28/11/2016 15:38;12/12/2016 0:00
262118ce178bb3e4590a3adcf6d62e6b;2a69da30b726b7f3db7f1059af5d4304;delivered;06/10/2016 14:59;07/10/2016 12:13;17/11/2016 8:27;17/11/2016 16:23;30/11/2016 0:00
7d0eb8de17d494f4151e4470cd1b0605;80a9f7586c30dab1b6cf315b01f20174;delivered;06/10/2016 17:10;06/10/2016 17:53;14/10/2016 18:29;17/10/2016 19:29;28/11/2016 0:00
719628a909505f12f342015fd53a8d43;5bef68c4d2d04c09aee2195ff540f131;delivered;05/10/2016 14:49;06/10/2016 15:52;15/10/2016 12:39;18/10/2016 19:17;25/11/2016 0:00
b2f92b2f7047cd8b35580d629d7b3bfb;1cbeb91a58bd89ee2df1bc32f3311209;delivered;05/10/2016 8:04;06/10/2016 15:57;11/11/2016 7:31;17/11/2016 16:23;25/11/2016 0:00
79ffdd52a918bbe867895a4b183d6457;f9808148a262b51d20e2d777eee6676c;delivered;04/10/2016 12:06;04/10/2016 12:25;25/10/2016 14:16;26/10/2016 16:41;24/11/2016 0:00
a041155864e5141116458291313b35c2;8fbab2ff4df1a7cc9531b14a686bb3ce;delivered;04/10/2016 15:10;06/10/2016 15:56;10/10/2016 15:56;13/10/2016 15:56;24/11/2016 0:00
0efd0bc268d34da3f01f4ff25a6d4335;95446917717bb58d553d107d0f1668f6;shipped;07/10/2016 15:53;07/10/2016 16:12;11/10/2016 16:12;;13/12/2016 0:00
b44d71edad65f41824d2e177470ef8f6;ad29d9bb283d87e61e190d40bc7bc15b;delivered;10/10/2016 15:23;10/10/2016 16:02;21/10/2016 18:02;24/10/2016 18:02;30/11/2016 0:00
a6475bb7a50387e3c665534e15bd40ac;442d66f0d96f656096dd70f1b0391e40;invoiced;04/10/2016 16:28;05/10/2016 2:46;;;28/11/2016 0:00
5c973d2b4652e1dec15353b59339f3b4;8a863458d761a9b40faba0ea98094eb9;delivered;07/10/2016 10:45;07/10/2016 12:13;11/10/2016 12:13;14/10/2016 12:13;25/11/2016 0:00
dc18a044b56ed174037ca164cdf2e921;4a06381959b6670756de02e07b83815f;unavailable;05/10/2016 14:16;06/10/2016 15:56;;;29/11/2016 0:00
ef1b29b591d31d57c0d7337460dd83c9;dc607dc98d6a11d5d04d9f2a70aa6c34;delivered;03/10/2016 22:51;04/10/2016 10:28;21/10/2016 14:23;01/11/2016 15:14;25/11/2016 0:00
c98b0fbac2717f072d5089e8af088304;1c1e931635c21508c29086be9de9aada;delivered;08/10/2016 18:45;09/10/2016 13:57;13/10/2016 13:57;16/10/2016 14:57;30/11/2016 0:00
45973912e490866800c0aea8f63099c8;912f108a7026f25f99240a5c4c60e2c3;shipped;07/10/2016 22:45;07/10/2016 22:58;26/10/2016 13:18;;01/12/2016 0:00
6ef172eee30cfbfa01516ce2eb2ee68f;506a9747164ba320cf874723aad41c23;delivered;07/10/2016 11:37;08/10/2016 3:51;12/10/2016 3:51;15/10/2016 3:51;29/11/2016 0:00
27c7c6aa7b6f3de99d2a3a64674d296f;f7b55e33b283db33596d6be05d796448;delivered;05/10/2016 22:53;06/10/2016 16:03;15/10/2016 10:12;18/10/2016 20:14;01/12/2016 0:00
c3d9e402b6a0fbe2a5f7fc5b41117c38;5720a15d022c09d2634c71c80c8d4102;delivered;04/10/2016 10:16;04/10/2016 10:45;28/10/2016 15:34;08/11/2016 10:41;08/12/2016 0:00
3d7e8f32f5b59e005ccfc1076b4040b5;7d2c43741147f86f3242da5baacf1da7;delivered;08/10/2016 22:34;11/10/2016 5:02;14/10/2016 18:00;15/10/2016 5:02;12/12/2016 0:00
dd845e1cdb19f08d029a727adc9a5a77;01f7b7a4e25cda9ce48c0f7263f7452d;invoiced;10/10/2016 9:59;10/10/2016 12:01;;;06/12/2016 0:00
d2945e686c883978378a10e49be7fb24;73cb441c896a460a30affe43bff3df82;delivered;06/10/2016 19:38;07/10/2016 10:11;14/10/2016 23:21;18/10/2016 18:34;28/11/2016 0:00
6460e331ee8f69c01f1423cca48d9991;59b219b2e1d1b20580c3551e07db6648;delivered;10/10/2016 11:17;11/10/2016 5:02;20/11/2016 9:57;24/11/2016 15:44;02/12/2016 0:00
1ebeec1bb9ce388ee2e00d401058ca8b;7d9631fe32b276d4c6aa04ba141a03e8;delivered;09/10/2016 22:36;11/10/2016 5:02;14/10/2016 18:00;15/10/2016 5:02;02/12/2016 0:00
df30f88407baa98218b16abe7032899a;705ea3eb85deaed8f68356890e5e3c7d;delivered;08/10/2016 11:50;08/10/2016 13:22;12/10/2016 13:22;15/10/2016 13:22;06/12/2016 0:00
de1404a068c6c8c909897886a314bad7;5116eacd8d620b734c26a0f04e19b60a;delivered;04/10/2016 15:12;06/10/2016 16:05;18/10/2016 16:13;24/10/2016 20:35;16/12/2016 0:00
4b038a7f8dfc36755eca741381e379e3;e53edc46664edce7794d86baca23f75b;delivered;10/10/2016 11:39;10/10/2016 12:03;14/11/2016 12:38;24/11/2016 14:55;08/12/2016 0:00
f205336be829af209878b6339cf02c7e;bea482168e59ee99ecadacecb808d058;delivered;06/10/2016 9:59;06/10/2016 15:56;21/10/2016 11:36;27/10/2016 17:55;30/11/2016 0:00
1a2b0033f0b7a3116f00594ec5524344;e76d70baaf2e6bf919577966bdc5ce8f;delivered;06/10/2016 22:23;06/10/2016 22:58;17/10/2016 23:58;20/10/2016 23:58;20/12/2016 0:00
5bda3e4d7080c484cd646a53165a7892;e4c44f8397c63555e4d0b11f4e7addc5;delivered;07/10/2016 21:30;07/10/2016 21:59;11/11/2016 9:57;16/11/2016 23:47;29/11/2016 0:00
1f66f9bfd244a5383aeb00a84ad12a66;b692755548475c6db9d19858c5da06f1;canceled;10/10/2016 10:49;10/10/2016 12:01;;;08/12/2016 0:00
bd50a7fe9fd97ea4b7663031a319e150;0975c3cf2e418ebfa5d1191a2dffd59d;delivered;23/12/2016 23:16;23/12/2016 23:31;27/12/2016 6:14;28/12/2016 15:54;19/01/2017 0:00
7fd4b0e047195ca197c3660772a8d8c0;fc253202cb10b4a99ac862321a854858;canceled;08/10/2016 7:02;18/10/2016 15:19;;;18/11/2016 0:00
cb29497c3782a76b57327c055d58b0e0;663c23427108785957931a3ac88f6085;delivered;04/10/2016 16:41;06/10/2016 15:55;24/10/2016 7:05;29/10/2016 12:53;28/11/2016 0:00
42c5091238dc63339c79f5f35f8a5a6b;da231380834f900e3fc3a958a1533a33;invoiced;10/10/2016 9:57;10/10/2016 11:04;;;02/12/2016 0:00
d2292ff2201e74c5db154d1b7ae68cbb;53a400fdb22676639e4cbf33197e2a6e;delivered;04/10/2016 16:05;06/10/2016 15:59;21/10/2016 14:23;03/11/2016 10:08;24/11/2016 0:00
4551b488487e6cfa31f9e35073d3c5d4;dfa7df4afe1ba4c38428bd36cd4444c1;canceled;09/10/2016 12:43;11/10/2016 17:16;;;06/12/2016 0:00
966f96af9d189dc428ff04ebbca821b8;90e1931af4fb878dbe45c79e6e458015;canceled;04/10/2016 20:41;06/10/2016 15:57;;;24/11/2016 0:00
0d9664d8da1dc4337269071b39e19423;64c17343b6c53ee761fd232e84384848;delivered;06/10/2016 22:00;06/10/2016 22:37;10/10/2016 22:37;27/10/2016 13:36;30/11/2016 0:00
62246c16a32a0866943f17d7b42db940;6443519fe0538b895632d5d7817aaff3;delivered;06/10/2016 0:06;06/10/2016 15:58;21/10/2016 16:30;31/10/2016 9:45;02/12/2016 0:00
ca3b8093576a51bea61c9782c7771f62;4ab07666a1b8ff428bda51600a94f753;delivered;05/10/2016 17:14;06/10/2016 16:02;21/10/2016 16:33;24/10/2016 16:33;25/11/2016 0:00
57c0b0276ce0eaf721a4424bf077ce8b;680043a09260a212d1dec021dd1efadc;delivered;08/10/2016 8:05;08/10/2016 9:03;12/10/2016 9:03;09/11/2016 13:41;14/12/2016 0:00
7cb5aaf8b7b7b439174c2e4efdf4c7a3;c54f3adc4e82b43d49101975a9bedb2c;delivered;06/10/2016 10:13;06/10/2016 16:07;30/10/2016 14:58;07/11/2016 13:14;30/11/2016 0:00
99d3df1714b20b9eb9734e731927379a;89c9e4085217b358939bdfb269edc709;delivered;08/10/2016 23:46;09/10/2016 15:57;13/10/2016 15:57;16/10/2016 16:57;02/12/2016 0:00
5a7ae4ca802c14fdff19558a4fee8727;3140c5d46f2d38e4f14a9675359d6a27;invoiced;10/10/2016 17:16;12/10/2016 3:01;;;06/12/2016 0:00
5f4c8250b9e6ee47971e0b19da4aa0f2;14a2912b7f370c345cebcda474774f55;delivered;08/10/2016 10:31;08/10/2016 11:12;09/11/2016 11:34;18/11/2016 16:05;06/12/2016 0:00
9aa3197e4887919fde0307fc23601d7a;31a4ecf0bd3ea9436b7132bac1a1bdb3;delivered;06/10/2016 13:16;06/10/2016 16:06;14/10/2016 18:08;17/10/2016 19:08;28/11/2016 0:00
cda873529ca7ab71f677d5ec11a40304;76c74aaff2f3f7355f46d9818ad092b8;shipped;05/10/2016 16:57;06/10/2016 15:52;14/11/2016 11:14;;01/12/2016 0:00
389815397a4bcdf3dcf64b90c25b3140;3a47005be3c2748d25859444f49b0048;delivered;05/10/2016 20:36;06/10/2016 16:02;10/10/2016 16:03;16/10/2016 17:51;29/11/2016 0:00
96123b9ae5a9cdfd4efe5fe402a94675;7615536f9443d90e9971a9002fd9abf5;delivered;07/10/2016 16:50;08/10/2016 4:27;12/10/2016 4:27;27/10/2016 10:07;05/12/2016 0:00
7a7d2c889e27d93b2005462a8788e168;88927ff4f54b497957d9947e926ec6fe;delivered;05/10/2016 0:32;06/10/2016 15:57;30/10/2016 14:03;31/10/2016 14:03;25/11/2016 0:00
6e5fe7366a2e1bfbf3257dba0af1267f;5263febf1413e9a60ceb7b842008b7ef;delivered;09/10/2016 22:36;10/10/2016 12:02;14/10/2016 12:02;17/10/2016 13:02;06/12/2016 0:00
60856ac7677a70cd87ad25d9b34d051b;bf3143805b420affe47047794eae0872;invoiced;06/10/2016 14:36;06/10/2016 15:41;;;28/11/2016 0:00
04bc36cd51141e11c2cbbd188b6e47ca;ab421b93f847af0ef7301421bb36da5e;delivered;08/10/2016 20:28;09/10/2016 14:35;13/10/2016 14:35;16/10/2016 15:35;02/12/2016 0:00
76458889992169d3135b264dc13aec67;999196dca58a3db3d966d8f148532010;delivered;07/10/2016 10:05;07/10/2016 11:24;26/10/2016 11:43;20/10/2016 18:03;29/11/2016 0:00
7a36fa82d4bcff7d936c10be470b9c8e;bfebb91e718433a55143ee450423c983;delivered;05/10/2016 23:14;07/10/2016 3:12;14/10/2016 23:21;19/10/2016 20:57;05/12/2016 0:00
555761ab2426364f42e9e018047df4e0;f5389cd0ee02b3476058b95446ebc174;delivered;07/10/2016 14:42;07/10/2016 14:52;11/10/2016 14:52;31/10/2016 10:44;05/12/2016 0:00
4dd47e84e6b8ff4a63d0b8425e6d788e;96bbcbc8372c86da857d842dfda6bd72;unavailable;06/10/2016 23:49;07/10/2016 1:09;;;24/11/2016 0:00
b1d88d1e4179448cac98b8d433e23316;65d08e2bfce2c91a832885c4995025de;delivered;06/10/2016 15:14;07/10/2016 3:14;26/10/2016 11:51;27/10/2016 12:27;02/12/2016 0:00
f001655c8c646cd1b5185bbc2e7534f3;ce210e14256d0dea4b6b487c2ed032d0;delivered;04/10/2016 23:45;07/10/2016 16:37;21/10/2016 16:25;24/10/2016 16:25;28/11/2016 0:00
3e9334d33c1e64167920675211fb1aee;86445cd94757169dd251d4052f7d0544;delivered;10/10/2016 14:20;10/10/2016 15:02;14/10/2016 15:02;27/10/2016 12:38;06/12/2016 0:00
bd726a1bcd046edd7019cee8a66245f7;85a0cc8a137bc4c700f160c817467671;delivered;08/10/2016 18:39;11/10/2016 11:02;14/10/2016 18:00;15/10/2016 11:02;02/12/2016 0:00
92b44b87f1f7670b8911c5f0e642435e;e561a3f61440b031d3be286a696d06eb;delivered;05/10/2016 11:08;06/10/2016 7:45;10/10/2016 7:45;13/10/2016 7:45;25/11/2016 0:00
d0fc18b01244d3a08b0fd12deede8201;da70cbcb5012f2055b4f2c90d28725fc;delivered;06/10/2016 7:08;07/10/2016 3:09;21/10/2016 16:18;31/10/2016 11:27;30/11/2016 0:00
b19169c7cb8391fb8561e094d61c531a;620732fed5579e0bdfdddee02aad4c54;delivered;10/10/2016 15:49;10/10/2016 16:02;21/10/2016 18:22;28/10/2016 14:43;02/12/2016 0:00
25f680bf746bec3df11d48318ff015de;fd997caf29864e0b5e0d328a2d163e3f;delivered;09/10/2016 22:42;10/10/2016 11:02;27/10/2016 17:11;01/11/2016 18:04;02/12/2016 0:00
95e01270fcbae9863423400103359279;7a692b1ff18c8c21156b886e02e80040;delivered;04/10/2016 18:52;06/10/2016 15:51;01/11/2016 7:27;04/11/2016 17:54;24/11/2016 0:00
6335afd8e6b7eb0ebc8bb71ea0008f6f;d96619b47e477e6bcc377bb89f2ddaee;delivered;08/10/2016 2:18;10/10/2016 11:03;14/10/2016 11:03;17/10/2016 12:03;30/11/2016 0:00
56eb381fff8db8d35134693062514084;b102a37db53345d7eb418649b096f8e8;processing;09/10/2016 12:34;11/10/2016 5:03;;;30/12/2016 0:00
dbbbc904081f8e928028432e2e3d7686;1d34ed25963d5aae4cf3d7f3a4cda173;canceled;06/10/2016 13:24;07/10/2016 10:16;;;14/12/2016 0:00
d743f434cc2921729af830ce00d474b3;407136bd5649e73981dce394b201897d;delivered;06/10/2016 13:02;06/10/2016 16:00;15/10/2016 12:24;24/10/2016 18:13;30/11/2016 0:00
cf47ad2fb60cae3f74b943646f685c94;053716fea805d6b29d6f8b6113fefe4d;delivered;05/10/2016 20:09;06/10/2016 15:44;15/10/2016 12:40;24/10/2016 18:11;09/12/2016 0:00
03128233e78ed8ade6738f2043f4cf8d;da1c9a7e7fa9de1d48ecd6d6e027313e;delivered;04/10/2016 19:01;06/10/2016 15:43;30/10/2016 10:41;31/10/2016 17:06;28/11/2016 0:00
b582532527260a8be949eac9f4d0ccff;bce63020814afdf2717e3c9b9ff1534e;delivered;08/10/2016 14:31;11/10/2016 4:56;15/10/2016 12:39;24/10/2016 5:05;14/12/2016 0:00
d1eb8e4e276a4eea13a5c462c0765e60;9031f9dcde5860b34e6c65ac5c796d30;delivered;04/10/2016 19:30;06/10/2016 3:10;10/10/2016 3:10;13/10/2016 3:10;06/12/2016 0:00
5da2004d85f2828349d887c989da2adc;95f592086150f0c95d3082aea047b816;delivered;05/10/2016 20:20;07/10/2016 2:48;21/11/2016 10:23;26/11/2016 8:16;29/11/2016 0:00
05c7d88e9c05e1fa1428f1ff2dcc29da;98661b627038780e9e655a56ebc23dc6;delivered;07/10/2016 2:41;07/10/2016 3:15;30/10/2016 13:18;03/11/2016 9:13;29/11/2016 0:00
fbbc9a4fa88f1ccd651790df665b3e57;eba930c3950c6964961c7c72f7f6a461;delivered;04/10/2016 13:30;05/10/2016 2:45;09/10/2016 2:45;28/10/2016 17:05;02/12/2016 0:00
552e0a8dae101e32155120202f427b71;d1167e026b86aff77a4599738bf972dd;canceled;09/10/2016 11:23;10/10/2016 8:35;;;12/12/2016 0:00
c46b48abd599551232324a6e9077bf19;f760b83264231599706a6e4df91fd137;delivered;05/10/2016 11:01;06/10/2016 15:49;10/10/2016 15:49;13/10/2016 15:49;05/12/2016 0:00
dd11631d8b02780b78bd97ec44a1ca8c;a05daaa7b79d7053da895ee3b342cf2d;delivered;04/10/2016 23:08;06/10/2016 15:50;31/10/2016 14:38;04/11/2016 12:45;28/11/2016 0:00
cfdc6f2061897ed3b3f1a9ac3437c6f9;1365d1374ca6c72869ff0c56963f176c;delivered;04/10/2016 22:03;06/10/2016 15:44;10/10/2016 15:44;17/10/2016 15:36;28/11/2016 0:00
2ce9683175cdab7d1c95bcbb3e36f478;b2d7ae0415dbbca535b5f7b38056dd1f;invoiced;05/10/2016 21:03;06/10/2016 7:46;;;25/11/2016 0:00
770d331c84e5b214bd9dc70a10b829d0;6c57e6119369185e575b36712766b0ef;canceled;07/10/2016 14:52;07/10/2016 15:07;11/10/2016 15:07;14/10/2016 15:07;29/11/2016 0:00
50013835d7b14aefb452825864d3e414;66ab9fd5f2a463fcfa0995c05f46680c;delivered;04/10/2016 16:08;06/10/2016 15:53;21/10/2016 14:38;21/10/2016 16:19;24/11/2016 0:00
36989eb07a0de2d3d3129eea35553875;aadd27185177fc7ac9b364898ac09343;delivered;04/10/2016 13:11;04/10/2016 13:46;08/10/2016 13:46;11/10/2016 13:46;06/12/2016 0:00
ac00d3859c095d282f6bef69e0ed1b38;503d0a7d55227b38ccce96ec23251f5a;delivered;06/10/2016 18:03;06/10/2016 18:32;14/10/2016 18:00;15/10/2016 18:32;20/12/2016 0:00
8beb59392e21af5eb9547ae1a9938d06;bf609b5741f71697f65ce3852c5d2623;canceled;08/10/2016 20:17;09/10/2016 14:34;14/10/2016 22:45;19/10/2016 18:47;30/11/2016 0:00
e9555dc20eba7e4e62210df1f438ea00;a69ec5f1dbf0907aecdb6eb748f70036;delivered;08/10/2016 11:33;08/10/2016 13:19;12/10/2016 13:19;15/10/2016 13:19;06/12/2016 0:00
3c3ca08854ca922fe8e9cedfd6841c8a;88c36fbd3df96094f90f0315e1d2dd90;unavailable;08/10/2016 12:13;08/10/2016 13:21;;;30/11/2016 0:00
f781dacd75aa73166785a35929546894;6fa16a8d44a2d9a89710e9758688c7f2;delivered;06/10/2016 8:58;06/10/2016 16:08;28/10/2016 14:12;08/11/2016 13:08;28/11/2016 0:00
edb2a55c055efbb898171ec9fd840ab9;193fc54759c7948c87e0795ada003c69;invoiced;06/10/2016 16:34;06/10/2016 17:11;;;28/11/2016 0:00
95d31d53ccc53bca2c13fcd535d67526;345243f3e37e32114d9cf17eb7a11c29;delivered;07/10/2016 14:40;07/10/2016 14:52;15/10/2016 12:33;18/10/2016 1:37;05/12/2016 0:00
ab8e5f9b860cd703f5f647200c2c7b58;ddd605e2739b3dfa7ad248ba164ff869;delivered;06/10/2016 9:07;06/10/2016 15:53;21/10/2016 14:23;31/10/2016 21:42;02/12/2016 0:00
6ad644c08b98d152d28f183097633d41;8b822fa56bbe10f4f14af6500eeed98b;delivered;08/10/2016 4:01;08/10/2016 5:07;15/10/2016 10:13;20/10/2016 21:12;30/11/2016 0:00
ae8a60e4b03c5a4ba9ca0672c164b181;e6f959bf384d1d53b6d68826699bba12;delivered;03/10/2016 22:44;04/10/2016 10:28;30/10/2016 14:22;03/11/2016 14:04;01/12/2016 0:00
123e27a1a4d0b2481d8618ac3dff7d4e;1fe4c3902c5bd6510a869b3d4fd3843b;canceled;08/10/2016 12:44;18/10/2016 15:19;;;18/11/2016 0:00
54bb06e1ca86bd99ee2a8d6288bf4ede;98bfbf477ed9f40a0264f5e527a446be;unavailable;06/10/2016 13:38;06/10/2016 14:22;;;12/12/2016 0:00
82e4f033f60598903866557d89c9c042;97f4b6e455ba303fbf1dfea62b8b6f61;delivered;08/10/2016 10:26;08/10/2016 11:02;12/10/2016 11:02;28/10/2016 14:11;14/12/2016 0:00
b157079a62d77688a0f66043aa1f0306;7bea2f07ef082a136c0fd7d455c8e142;delivered;08/10/2016 15:42;08/10/2016 18:54;12/10/2016 18:54;15/10/2016 18:54;02/12/2016 0:00
51725d3e4bdfc97e28b40543310da8a3;a0f95ab56c6d3a5ba0036b7fdfeda07f;delivered;04/10/2016 15:02;05/10/2016 17:06;09/10/2016 17:06;26/10/2016 13:21;28/11/2016 0:00
5fe46d14177744ae2180101ce19bb414;8dcc5cd0569e6c1cfd0444e4a26419d4;delivered;07/10/2016 10:06;07/10/2016 11:39;15/10/2016 10:32;01/11/2016 16:37;09/12/2016 0:00
1ff217aa612f6cd7c4255c9bfe931c8b;b3a9bf200375f53cc5c6991919c356fd;delivered;04/10/2016 9:16;04/10/2016 9:43;21/10/2016 16:33;24/10/2016 16:33;24/11/2016 0:00
fd4b04818375a4ba579a80c8d37f1b24;9ebd9edc6854d388eb4a9d1283acdf96;delivered;07/10/2016 14:15;07/10/2016 14:31;15/10/2016 10:31;19/10/2016 0:47;01/12/2016 0:00
9315757eaf0e782619bed131508dbddb;93d8e0590f3a63f34c9506149982618b;delivered;07/10/2016 9:41;07/10/2016 10:44;03/11/2016 8:37;07/11/2016 8:45;29/11/2016 0:00
b0cfee6ce5503781be6004e0e31e4309;9e18a290b9d17b14fe33b68a0ea2bfeb;delivered;04/10/2016 18:07;06/10/2016 15:43;21/11/2016 9:33;29/11/2016 15:23;28/11/2016 0:00
f9b03f7a6e5788ffb6cb6b4cd0d01892;e94cba4a769c459e51325766ab2ef270;delivered;10/10/2016 2:17;11/10/2016 5:02;07/11/2016 12:21;16/11/2016 14:13;02/12/2016 0:00
ed90ba41c41da31da8e891ff43a584d1;51d9009f107df3256dcb608b5cb40a7c;delivered;06/10/2016 16:43;07/10/2016 15:59;11/10/2016 15:59;14/10/2016 15:59;28/11/2016 0:00
22613579f7d11cc59c4347526fc3c79e;53cc5d344077104b59d4f6836a90eb0b;delivered;04/10/2016 13:45;04/10/2016 14:27;15/10/2016 10:12;18/10/2016 22:35;28/11/2016 0:00
6eb51c1c9c69f78ea9fd4665fb98b7d2;7235fa173d845addc1fab54a111725f4;delivered;04/10/2016 16:40;06/10/2016 15:56;10/10/2016 15:56;13/10/2016 15:56;24/11/2016 0:00
0a5d7e24850c68bf00d39bd62a9a45ee;cb544b0c548dbf3e9e52914472d56415;delivered;09/10/2016 11:43;10/10/2016 0:23;21/10/2016 18:02;28/10/2016 6:07;06/12/2016 0:00
ed8c7b1b3eb256c70ce0c74231e1da88;da0ba2a9935bca5b4610b0e3bca9d3b4;delivered;04/10/2016 9:59;04/10/2016 10:25;11/11/2016 15:29;18/11/2016 8:51;24/11/2016 0:00
f883e09a1fb01318052c6ab839efb34a;12dca0bf14588cc10f18a9f9abaef604;delivered;10/10/2016 12:54;12/10/2016 3:01;14/10/2016 18:00;28/10/2016 10:27;12/12/2016 0:00
1e8c2b738fde51956f03f1a59bc86003;7df232c2148f611e1be8e3fd383599e0;delivered;08/10/2016 10:07;08/10/2016 11:04;21/10/2016 9:30;04/11/2016 14:32;14/12/2016 0:00
d2d67121a09535b3a7b6a000e58d8625;a17dc8aaea9743dbccaca067b5ac3b43;delivered;04/10/2016 22:15;06/10/2016 16:00;10/10/2016 16:00;13/10/2016 16:00;24/11/2016 0:00
96caf486ad384c707d860dbb4e519794;b7335be40f14f35559f7222d4875b114;delivered;10/10/2016 10:20;11/10/2016 8:57;15/10/2016 8:57;18/10/2016 9:57;02/12/2016 0:00
021d08e4057e5b6414c8d2f69f4f72a0;7470a1ddb5f78a811fbef15b2556781b;delivered;07/10/2016 17:37;07/10/2016 18:01;25/10/2016 12:05;30/10/2016 1:25;19/12/2016 0:00
90bd4466c2905d7b5b56370149e62bcc;f11278c6a8edfe30db8bb9506ecbdff2;delivered;09/10/2016 11:33;10/10/2016 0:22;15/10/2016 10:09;21/10/2016 21:17;06/12/2016 0:00
de8f4a82099fe4fa6bcb8952ca51420f;13db9c37d449305364a897e44f479406;delivered;10/10/2016 16:00;10/10/2016 16:43;14/10/2016 16:43;17/10/2016 17:43;14/12/2016 0:00
7559c51df991c6861e6a8be5fb1e3751;494622d8ca78370960fce737e9ad15c9;delivered;07/10/2016 23:18;11/10/2016 5:02;14/10/2016 18:00;26/10/2016 14:47;01/12/2016 0:00
fb5114c39f632a52598cf770c6076620;94b216231ec09ee34764a8d456126328;delivered;08/10/2016 20:02;09/10/2016 14:35;15/10/2016 10:30;19/10/2016 17:31;06/12/2016 0:00
8fe36dfd03ccfe3ed3d492c146705b9d;f18d013a75e175123bdcf626f02f8212;delivered;09/10/2016 22:34;10/10/2016 12:02;15/10/2016 9:57;18/10/2016 18:04;30/11/2016 0:00
e04f1da1f48bf2bbffcf57b9824f76e1;0d00d77134cae4c58695086ad8d85100;invoiced;05/10/2016 13:22;06/10/2016 15:51;;;29/11/2016 0:00
05bfcf9e287cad216cadb8a850f8db5c;51cc1e38d0489d588d7a687da73b2458;delivered;06/10/2016 10:47;06/10/2016 16:05;30/10/2016 10:54;07/11/2016 11:18;30/11/2016 0:00
5204d67853f827d1ee32810bf8f2d6c2;3dc7eb6da6c008460353d9a171e8fe6d;delivered;04/10/2016 17:25;06/10/2016 15:45;10/10/2016 15:45;13/10/2016 15:45;28/11/2016 0:00
8b160e3e272dcca4665850aae31ae6fd;4773a6473ca23c156f7a69ec38d0eb86;delivered;08/10/2016 22:41;11/10/2016 11:02;21/10/2016 13:58;26/10/2016 15:55;30/11/2016 0:00
517e0a52c193102990befc46a5c5245a;a998e828a104504f72ceb338f92043b6;delivered;06/10/2016 22:34;06/10/2016 23:11;15/10/2016 12:24;18/10/2016 20:23;28/11/2016 0:00
676157c2d1075c88ea0009f8d7d2d389;f6d0beda15d742eb9351737ba24ec199;delivered;07/10/2016 10:18;07/10/2016 11:55;21/10/2016 12:25;09/11/2016 11:51;13/12/2016 0:00
19feb5627c41ea1b36a8e50a469b3644;b8097c8f0c1f58ab56a53812a446a898;delivered;07/10/2016 17:09;07/10/2016 17:32;26/10/2016 11:42;20/10/2016 19:07;01/12/2016 0:00
5cc475c7c03290048eb2e742cd64cb5e;75e8f990b9e289013b1d092614b52487;delivered;04/10/2016 21:54;05/10/2016 3:10;06/12/2016 17:24;12/12/2016 20:31;24/11/2016 0:00
f9c44da06151c190a9a6c9c712873d10;070db51ef1d6a1bd858c21b03de83e66;delivered;08/10/2016 22:11;11/10/2016 15:09;14/10/2016 18:00;15/10/2016 15:09;30/11/2016 0:00
d6e32818428593eefe8ffd7e15acb83e;784210ee365c635556aeb69e14e072fc;delivered;10/10/2016 14:02;12/10/2016 3:01;16/10/2016 4:01;19/10/2016 4:01;16/12/2016 0:00
0891b66cbcc48cf64f31ae9cae3d08d8;3c0b720f2a9aebf70b250e73ef4fda63;delivered;09/10/2016 13:57;10/10/2016 3:55;21/10/2016 18:23;27/10/2016 12:54;30/11/2016 0:00
d2266b035a47467c40d174c6f55cf4dd;28fdcbdf2ebc3b9d20d4a810cec6a8b7;delivered;10/10/2016 4:31;13/10/2016 7:08;17/10/2016 8:08;20/10/2016 8:08;02/12/2016 0:00
0e556f5eafbf3eb399290101b183b10e;198b639c2da0e7f71ae2b720ad67f47d;delivered;06/10/2016 18:50;06/10/2016 19:31;10/10/2016 19:31;13/10/2016 19:31;02/12/2016 0:00
799dc0fd216e2a8e571a2684ddb6f940;f3fecb293f31350518ee2ac197202282;canceled;05/10/2016 22:49;06/10/2016 15:54;;;23/12/2016 0:00
1dd1d53c1ea5df0ef093bf150807315f;9cf0657bb79b3c818fd37100f4526d8d;delivered;07/10/2016 10:44;11/10/2016 4:56;30/10/2016 12:13;31/10/2016 12:13;01/12/2016 0:00
893dc49276696129a9bf6f2a9fe23e57;483da61b9de320d057934319d30504b5;delivered;04/10/2016 20:41;06/10/2016 15:45;31/10/2016 14:38;03/11/2016 15:17;28/11/2016 0:00
bc0e0c28cbe995798d3afb7c7c75d269;a9dc96b027d1252bbac0a9b72d837fc6;delivered;08/10/2016 1:28;08/10/2016 3:19;14/10/2016 17:39;17/10/2016 18:39;02/12/2016 0:00
46046adea0e222a29259bad3d922fee8;e9722ab28655e07763e0ca2751c61c90;delivered;04/10/2016 10:41;04/10/2016 11:06;21/10/2016 16:29;24/10/2016 16:29;28/11/2016 0:00
8729a8f7c27d03afe731463091711489;11ec73ddb032be97ae8f0219cce6cfa3;delivered;05/10/2016 17:16;06/10/2016 15:52;30/10/2016 14:02;01/11/2016 18:18;01/12/2016 0:00
f7886facb594e65f0c41cdbb0583b560;a6d276e9c75cfeb2db5ddec9add0565e;delivered;05/10/2016 20:20;07/10/2016 2:48;14/10/2016 23:21;20/10/2016 18:14;29/11/2016 0:00
75fb23d26903b71ce3dd550ae22d2cc1;3c6484a7438cd35dcc54f53f4b945829;delivered;10/10/2016 9:23;10/10/2016 12:02;14/10/2016 12:02;17/10/2016 13:02;30/11/2016 0:00
45bff70fb7b99a5a33bc8ccb3786e170;21cf8b03074c935aa1de2d527371916f;delivered;09/10/2016 22:38;10/10/2016 12:02;14/10/2016 12:02;17/10/2016 13:02;02/12/2016 0:00
b88cd65e1d90bf6e185bf9b6f0b614cd;b3d9d64d67b27599d01bb7de17a92ab8;delivered;10/10/2016 12:54;11/10/2016 16:13;15/10/2016 16:13;18/10/2016 17:13;30/11/2016 0:00
1aecadf4362edaca7fa033e882076c8d;e81a9f176936e3124dfd90c483bf3289;canceled;04/10/2016 10:05;04/10/2016 10:26;;;24/11/2016 0:00
620b0acb9258b51defbc51804c5298d5;9012f48ac2c416c82819101da4e4b75e;canceled;04/10/2016 11:44;05/10/2016 8:45;;;06/12/2016 0:00
1970f2fb4b83ff962a75b064abc37f4c;45b5b5e9424ca746ad6a3161de453e00;delivered;06/10/2016 7:53;07/10/2016 2:47;21/10/2016 16:32;28/10/2016 10:24;30/11/2016 0:00
ce9840efc17fbec501472f7c784be1bf;950c3e2b1eab245ac9e26cf96a1c6a23;delivered;06/10/2016 23:21;06/10/2016 23:53;21/10/2016 16:25;24/10/2016 16:25;30/11/2016 0:00
67418605ab8f9414a2e238bbcdde1312;bbd6d73964cf368d685856fc8cb04534;delivered;08/10/2016 14:48;08/10/2016 18:34;12/10/2016 18:34;15/10/2016 18:34;30/11/2016 0:00
7254ba1421bac35de5d5da660715bf0e;65e1faa1535d1b4ca089fd7b9e84b5b3;delivered;07/10/2016 22:46;07/10/2016 22:59;26/10/2016 11:41;28/10/2016 12:11;01/12/2016 0:00
dd359d3c294458c6d642b2eea9212bf5;5c58d1ea5a893380ecdd96dd6dfd5ec5;invoiced;04/10/2016 13:02;05/10/2016 3:08;;;24/11/2016 0:00
0a0837a5eee9e7a9ce2b1fa831944d27;4f3f778022aefa22b9f9e52d2c47edf3;delivered;04/10/2016 9:06;06/10/2016 11:43;15/10/2016 10:33;22/10/2016 14:51;24/11/2016 0:00
6b5e619dedba6d4297fb10dd5886912f;9ff88efe6c5c047c8894c5e6c2cd206f;delivered;08/10/2016 17:43;13/10/2016 21:09;17/10/2016 22:09;20/10/2016 22:09;30/11/2016 0:00
1a47da1d66c70489c8e35fe2b5433ab7;3d8e326c3cef3a9bba7ca121baac5fc3;unavailable;07/10/2016 18:16;07/10/2016 18:53;;;07/12/2016 0:00
b330d4bdde86ff11a726ee57dd2a7d75;dfac72372f9e21b7edd69eddd81c7b63;delivered;05/10/2016 22:24;06/10/2016 16:06;14/10/2016 18:31;17/10/2016 19:31;25/11/2016 0:00
2fbb05b3ee700e1897b9fa501e416005;b85708f7ff9d1b6fce163c71086084f9;delivered;10/10/2016 15:37;10/10/2016 16:02;25/10/2016 11:44;25/10/2016 20:11;16/12/2016 0:00
f69ae31bce06a78d626762b53067c7e0;08c95eb831d93a76079d7e24a117db29;invoiced;06/10/2016 0:12;06/10/2016 16:03;;;02/12/2016 0:00
59e7ca596664da0a459a145eb95cc9c5;c851e38392f26d6a33bfe6f717c0fba8;delivered;05/10/2016 14:40;06/10/2016 16:02;21/10/2016 16:20;24/10/2016 16:20;25/11/2016 0:00
d3f7c0e804b501782903f7af749eb797;303f96887b473d72e34c2d0e492fa43b;delivered;10/10/2016 13:57;10/10/2016 14:42;14/10/2016 14:42;17/10/2016 15:42;02/12/2016 0:00
e2ea01f68f92f0c55b08ca739af834b6;258c52543b8045fe23644c47a645c9fb;delivered;08/10/2016 10:55;11/10/2016 5:02;25/10/2016 11:33;27/10/2016 10:58;11/01/2017 0:00
ed83f6065ae47112c8cfbd22e231b6d8;39f51cf31b3d2266b99005da1b5d5b79;invoiced;08/10/2016 11:47;08/10/2016 13:24;;;30/11/2016 0:00
356b492aba2d1a7da886e54e0b6212b7;68c74d748a55f9d29e6698f4b01a0df7;delivered;04/10/2016 14:44;06/10/2016 16:05;30/10/2016 14:23;31/10/2016 14:23;28/11/2016 0:00
12ca240539e7029e0328f0a410c12ad1;0c63b4438ff050942153aaa4c19ad1d3;delivered;10/10/2016 16:00;10/10/2016 16:43;14/10/2016 16:43;17/10/2016 17:43;02/12/2016 0:00
985db56d4cabd2577d0960194dd2cd5a;93b0959b3704e65ceaf6cd4bcdfea834;delivered;04/10/2016 15:35;06/10/2016 15:57;21/10/2016 16:33;28/10/2016 15:03;30/11/2016 0:00
4d66b3a9d12facad48a3b23cc9fe7898;bd6048a0960b15881f1ae5dca277fb52;delivered;04/10/2016 13:40;04/10/2016 14:09;15/10/2016 10:33;17/10/2016 19:41;28/11/2016 0:00
0ec61157a488963fe217233f74c52760;01415cfeb907d8ce0e17075b4c097fe9;delivered;09/10/2016 23:50;10/10/2016 11:04;25/10/2016 13:55;31/10/2016 11:54;02/12/2016 0:00
71303d7e93b399f5bcd537d124c0bcfa;b106b360fe2ef8849fbbd056f777b4d5;canceled;02/10/2016 22:07;06/10/2016 15:50;;;25/10/2016 0:00
02a0eb7c22b0616c767a45954a2a28f6;43d9a8df81f815755d9a258f2ee3135f;invoiced;09/10/2016 10:34;10/10/2016 8:14;;;12/12/2016 0:00
14b01335f19b97fce1437168032ae388;10d74e1a3adaeada0d8da4a2b2891cc3;delivered;05/10/2016 19:09;06/10/2016 15:59;15/10/2016 12:26;18/10/2016 20:37;29/11/2016 0:00
91c96626f9e13b1b71a1f3e7ed52dd7a;45442979a333bc62efccd8a2481481fe;delivered;08/10/2016 21:04;09/10/2016 2:33;13/10/2016 2:33;26/10/2016 14:33;14/12/2016 0:00
2fd1c83dd4714cf3cf796fffb6c8de62;7f51c513004ef3f35e834c142f286778;unavailable;05/10/2016 17:21;06/10/2016 15:55;;;29/11/2016 0:00
eb45ce36240dbf895bef98be0d1a85d3;80a46d4f35bf6a44fb4194ff13d945c9;invoiced;07/10/2016 8:49;08/10/2016 9:30;;;09/12/2016 0:00
5b1376fe61863fe3508011db309e35fe;b9c504b633cd3d85d4128856a67209c2;delivered;04/10/2016 13:16;05/10/2016 3:11;14/10/2016 23:20;17/10/2016 20:24;08/12/2016 0:00
35d3a51724a47ef1d0b89911e39cc4ff;27ab53f26192510ff85872aeb3759dcc;delivered;04/10/2016 14:23;05/10/2016 2:44;14/10/2016 2:44;26/10/2016 15:03;20/12/2016 0:00
f3f12fc90564a9b036680a887cd64668;3c521eac04e2dca4702dcc69789618c2;delivered;04/10/2016 13:15;04/10/2016 13:47;30/10/2016 13:37;01/11/2016 18:07;24/11/2016 0:00
7d7bf3ee337c36ce012762da5f28f53a;75435919ec1c2171f20033e15cbaf004;invoiced;07/10/2016 10:46;07/10/2016 12:14;;;01/12/2016 0:00
1b122a7be89622f672bb41380a83b69f;a22a8f5ed1ba23d4aca05ed33b2917ac;delivered;08/10/2016 21:37;11/10/2016 22:02;14/10/2016 18:00;15/10/2016 22:02;30/11/2016 0:00
60762802b48bb6d256d55b013d115013;01be2c0c2d55c597b5ec011e26e4b0d1;delivered;04/10/2016 14:49;06/10/2016 16:03;30/10/2016 10:04;31/10/2016 23:13;24/11/2016 0:00
31b0dd6152d2e471443debf037ae171d;031f08a1ebdcfb5e706831bf64de3860;delivered;05/10/2016 12:32;06/10/2016 16:03;10/10/2016 16:03;13/10/2016 16:03;23/11/2016 0:00
3d58fd1ee438a43f2a826dda6b013519;96c492da7645ca77d09a59b20d415cfe;delivered;06/10/2016 19:33;07/10/2016 10:13;21/10/2016 16:21;24/10/2016 16:21;06/12/2016 0:00
bb9fd560a08ca7403789dedaca85da14;fa56d5dbed23c641e19a12b6d7392833;delivered;04/10/2016 21:25;06/10/2016 15:46;27/10/2016 19:02;05/11/2016 11:04;28/11/2016 0:00
50f357099566f1be7abfaf8d9dc5b004;04356ca5b944f7a92d6b103bdb44268a;delivered;07/10/2016 17:13;07/10/2016 17:31;21/10/2016 16:34;24/10/2016 16:34;29/11/2016 0:00
97d2f8fe76f2f253b8291e17b5383884;5458c93e0db88f9b885bc7dbc3bfa2a3;shipped;05/10/2016 11:54;06/10/2016 15:51;14/11/2016 9:28;;07/12/2016 0:00
d207cc272675637bfed0062edffd0818;b8cf418e97ae795672d326288dfab7a7;delivered;03/10/2016 22:06;04/10/2016 10:28;21/10/2016 14:23;31/10/2016 11:07;23/11/2016 0:00
4eca6c2d172953276c75dd0e1bedce25;8f3419df1806ae4718c94209d5fed4ea;delivered;06/10/2016 16:13;06/10/2016 16:51;10/10/2016 16:51;13/10/2016 16:51;28/11/2016 0:00
bcbc0973414b1dd97555e6f8e9713cfa;3f6f000d5b0a959f38481fad4ab7cac2;delivered;04/10/2016 23:59;05/10/2016 3:45;09/10/2016 3:45;16/10/2016 10:41;28/11/2016 0:00
bfd31c6f76ff82a41e7beb05565aec4d;6c65055adfbc0007dbb4c5a22ea5ba8c;canceled;04/10/2016 14:51;06/10/2016 15:56;;;14/12/2016 0:00
d263c89354a73314488491185858af42;6d3e9ccd146cea260421e9a7bae2e63a;delivered;10/10/2016 4:49;11/10/2016 5:03;15/10/2016 5:03;18/10/2016 6:03;30/11/2016 0:00
640aef9709beda161ca0b5af58ac437c;cf10056dcb7d1fb5322dd86d12936557;delivered;07/10/2016 10:57;11/10/2016 5:03;21/10/2016 10:28;27/10/2016 12:41;01/12/2016 0:00
119d2d80c921d5b4806a1b19b4e8c531;e15daad9efaafb0d4d10043c9ca77e7b;delivered;07/10/2016 19:02;07/10/2016 19:29;11/10/2016 19:29;14/10/2016 19:29;01/12/2016 0:00
86df4a2f1f5cd47ee3f5bf1781240d1a;b0db02848249cbe57e7e5732976ced8e;delivered;05/10/2016 9:19;06/10/2016 15:58;10/10/2016 15:58;26/10/2016 10:38;29/11/2016 0:00
a9fc3ae13c740ad46532fd50b61c69d5;04a043776b45158df5f274435321c199;delivered;04/10/2016 22:43;06/10/2016 15:44;10/10/2016 15:44;13/10/2016 15:44;28/11/2016 0:00
45ec58d30f2023e4dac16d956a657ddd;62d7df8850fd19bf7a67afca5b7e65bb;delivered;10/10/2016 10:28;11/10/2016 5:02;25/10/2016 12:09;27/10/2016 17:32;30/11/2016 0:00
1c4deb98d216d2fda120204a5fcfb57d;76329463ae17ce6629dd04e014aa72e4;delivered;04/10/2016 23:26;06/10/2016 15:51;30/10/2016 10:47;31/10/2016 21:49;30/11/2016 0:00
f7310018040436b01ab03f81b301b5de;efec125e0fd56164c37c9f1e1c804cd7;delivered;07/10/2016 11:20;07/10/2016 12:14;11/10/2016 12:14;14/10/2016 12:14;29/11/2016 0:00
65d1e226dfaeb8cdc42f665422522d14;70fc57eeae292675927697fe03ad3ff5;canceled;03/10/2016 21:01;04/10/2016 10:18;25/10/2016 12:14;08/11/2016 10:58;25/11/2016 0:00
67adba02e0955286954975ea56f9d17f;aaf6d77cd0756a4e878472c3efc65308;delivered;09/10/2016 22:38;10/10/2016 11:02;25/10/2016 11:41;27/10/2016 17:32;02/12/2016 0:00
3b697a20d9e427646d92567910af6d57;355077684019f7f60a031656bd7262b8;delivered;03/10/2016 9:44;06/10/2016 15:50;23/10/2016 14:02;26/10/2016 14:02;27/10/2016 0:00
c4f710df20f7d1500da1aef81a993f65;4b671f05b6eb9dc1d2c1bae9c8c78536;delivered;10/10/2016 15:50;10/10/2016 16:02;18/10/2016 15:53;26/10/2016 16:35;14/12/2016 0:00
6b3ee7697a02619a0ace2b3f0aa46bde;21a6abdf0197fbe57451bd0a1d3c59a2;delivered;04/10/2016 17:08;06/10/2016 15:46;07/11/2016 16:53;21/11/2016 10:38;24/11/2016 0:00
2c45c33d2f9cb8ff8b1c86cc28c11c30;de4caa97afa80c8eeac2ff4c8da5b72e;canceled;09/10/2016 15:39;10/10/2016 10:40;14/10/2016 10:40;09/11/2016 14:53;08/12/2016 0:00
2e8e21db96a8ab922e51cd297678c6b2;6a58b195be76f8ad6544e032b6c7316b;delivered;09/10/2016 12:13;10/10/2016 1:16;25/10/2016 13:54;28/10/2016 14:11;02/12/2016 0:00
02190241f7190a1f3c7e0df95a749c6a;55c9044401ffab0c717f24405e2e042f;delivered;07/10/2016 10:52;08/10/2016 4:44;21/10/2016 12:47;27/10/2016 9:37;29/11/2016 0:00
b7026ba7432929d99880463305b8ce98;dd0cb909d16aa0eecf68d37defbb7f7f;delivered;06/10/2016 16:17;06/10/2016 16:52;04/11/2016 16:33;10/11/2016 15:14;06/12/2016 0:00
4723d255a158f5b6c5a872264e3529c5;9c44588abb2a5c2b5bbd40184e3ac0b3;delivered;08/10/2016 20:16;09/10/2016 14:55;13/10/2016 14:55;16/10/2016 15:55;06/12/2016 0:00
aef214f769de82d355c5d2ab49e15891;d83a72326816260884edd05238aaa508;invoiced;06/10/2016 13:07;06/10/2016 16:03;;;02/12/2016 0:00
0c7fc95baa5e16992ed412ccea7f28b3;a25c191eb1025845e8e9d1d806fa2605;delivered;05/10/2016 8:46;07/10/2016 3:10;11/10/2016 3:10;14/10/2016 3:10;01/12/2016 0:00
f688669f48063536e082bb32d634cd46;691d28310063e5b36b732b117f2bcfc0;delivered;07/10/2016 10:28;11/10/2016 4:56;21/10/2016 18:02;20/10/2016 20:33;29/11/2016 0:00
2d9e3c3c7f0f3ba8a8fa3db2f1211ceb;6b79d5d9914b88e0e05a19e76dfe926b;delivered;05/10/2016 17:09;06/10/2016 15:50;31/10/2016 14:36;07/11/2016 13:55;29/11/2016 0:00
e90f9a57c17a06b37c5830a2ab1bd209;edf0b9f3196ff6f4702be2d540f684d4;delivered;07/10/2016 8:28;08/10/2016 4:17;12/10/2016 4:17;15/10/2016 4:17;07/12/2016 0:00
835bf4777ad72891587719f1098e3528;dbfc2fb6a9424037815a3a887c10be61;delivered;07/10/2016 8:28;07/10/2016 9:09;11/10/2016 9:09;14/10/2016 9:09;29/11/2016 0:00
35d8c6d5e060ad24271ffda186312ef8;38fa25096a695e1972739e2dd6821f83;delivered;10/10/2016 8:36;11/10/2016 13:42;14/10/2016 18:00;15/10/2016 13:42;02/12/2016 0:00
63638a6806d67773f3adba8534553fff;16e14c1e6e050fe6730c961ff638ca23;delivered;04/10/2016 13:22;04/10/2016 13:47;17/11/2016 15:53;25/11/2016 13:17;28/11/2016 0:00
4421f094ff828b78aba6d18db005821d;497444aa14246e71ed88c2c37540ddfb;delivered;10/10/2016 10:22;10/10/2016 12:02;14/10/2016 12:02;01/11/2016 10:28;08/12/2016 0:00
d3a84031db6c5de813d5a3a3489712ca;a5bda6def3f77258ca2027b7d4a384e9;delivered;09/10/2016 23:25;10/10/2016 11:03;14/10/2016 11:03;14/10/2016 11:03;30/11/2016 0:00
a41c8759fbe7aab36ea07e038b2d4465;6f989332712d3222b6571b1cf5b835ce;delivered;03/10/2016 21:13;05/10/2016 3:11;25/10/2016 11:57;03/11/2016 10:58;29/11/2016 0:00
e2eaf909eb6ba881117aa407992a5ffb;4aa9a7eb520f8efdf80da20ba889f190;delivered;05/10/2016 11:05;07/10/2016 2:49;01/11/2016 7:13;14/11/2016 15:03;25/11/2016 0:00
6e0d2539e48e84296bae6290de41058c;1fc56719b52f82c03caddc5faf531fbb;delivered;04/10/2016 19:41;06/10/2016 15:51;10/11/2016 16:47;17/11/2016 9:23;30/11/2016 0:00
9d664ec86be69d869bb6870294c4fdd8;0a9ee4d9030acbe428769c79d0c4da69;delivered;08/10/2016 15:02;08/10/2016 19:55;12/10/2016 19:55;31/10/2016 11:35;12/12/2016 0:00
7e2dddf174cc4d2768bf39c43ab2bd7a;accfbaa1f092fdf6db1d8fcdad351b50;delivered;09/10/2016 15:10;10/10/2016 5:54;03/11/2016 7:43;10/11/2016 9:27;02/12/2016 0:00
e439ced3d48f1a77f6ecc029cc946a6f;e9c6723e04c4e53e7e9c3afe383f3866;delivered;07/10/2016 22:35;07/10/2016 22:59;15/10/2016 10:31;25/10/2016 21:15;01/12/2016 0:00
509a52223ecac6d67fb765b3b37c6974;efc07f50d0a9346ec00e1c37b5b10748;delivered;06/10/2016 18:11;06/10/2016 18:50;21/10/2016 16:23;26/10/2016 12:21;08/12/2016 0:00
